bin,x2Left_Cerebral_White_Matter,x4Left_Lateral_Ventricle,x5Left_Inf_Lat_Vent,x7Left_Cerebellum_White_Matter,x8Left_Cerebellum_Cortex,x10Left_Thalamus_Proper_,x11Left_Caudate,x12Left_Putamen,x13Left_Pallidum,x143rd_Ventricle,x154th_Ventricle,x16Brain_Stem,x17Left_Hippocampus,x18Left_Amygdala,x24CSF,x26Left_Accumbens_area,x28Left_VentralDC,x30Left_vessel,x31Left_choroid_plexus,x41Right_Cerebral_White_Matter,x42Right_Cerebral_Cortex,x43Right_Lateral_Ventricle,x44Right_Inf_Lat_Vent,x46Right_Cerebellum_White_Matter,x47Right_Cerebellum_Cortex,x49Right_Thalamus_Proper_,x50Right_Caudate,x51Right_Putamen,x52Right_Pallidum,x53Right_Hippocampus,x54Right_Amygdala,x58Right_Accumbens_area,x60Right_VentralDC,x63Right_choroid_plexus,x77WM_hypointensities,x85Optic_Chiasm,x251CC_Posterior,x252CC_Mid_Posterior,x253CC_Central,x254CC_Mid_Anterior,x255CC_Anterior,x1000Ctx_lh_unknown,x2000Ctx_rh_unknown,x1101Ctx_lh_Corpus_callosum,x1102Ctx_lh_G_and_S_Insula_ONLY_AVERAGE,x0XXXXXXXXXX,x11104Ctx_lh_G_and_S_subcentral,x11105Ctx_lh_G_and_S_transv_frontopol,x11106Ctx_lh_G_and_S_cingul_Ant,x11107Ctx_lh_G_and_S_cingul_Mid_Ant,x11108Ctx_lh_G_and_S_cingul_Mid_Post,x11109Ctx_lh_G_cingul_Post_dorsal,x11110Ctx_lh_G_cingul_Post_ventral,x11111Ctx_lh_G_cuneus,x11112Ctx_lh_G_front_inf_Opercular,x11113Ctx_lh_G_front_inf_Orbital,x11114Ctx_lh_G_front_inf_Triangul,x11115Ctx_lh_G_front_middle,x11116Ctx_lh_G_front_sup,x11117Ctx_lh_G_Ins_lg_and_S_cent_ins,x11118Ctx_lh_G_insular_short,x11119Ctx_lh_G_occipital_middle,x11120Ctx_lh_G_occipital_sup,x11121Ctx_lh_G_oc_temp_lat_fusifor,x11122Ctx_lh_G_oc_temp_med_Lingual,x11123Ctx_lh_G_oc_temp_med_Parahip,x11124Ctx_lh_G_orbital,x11125Ctx_lh_G_pariet_inf_Angular,x11126Ctx_lh_G_pariet_inf_Supramar,x11127Ctx_lh_G_parietal_sup,x11128Ctx_lh_G_postcentral,x11129Ctx_lh_G_precentral,x11130Ctx_lh_G_precuneus,x11131Ctx_lh_G_rectus,x11132Ctx_lh_G_subcallosal,x11133Ctx_lh_G_temp_sup_G_T_transv,x11134Ctx_lh_G_temp_sup_Lateral,x11135Ctx_lh_G_temp_sup_Plan_polar,x11136Ctx_lh_G_temp_sup_Plan_tempo,x11137Ctx_lh_G_temporal_inf,x11138Ctx_lh_G_temporal_middle,x11139Ctx_lh_Lat_Fis_ant_Horizont,x11140Ctx_lh_Lat_Fis_ant_Vertical,x11141Ctx_lh_Lat_Fis_post,x11143Ctx_lh_Pole_occipital,x11144Ctx_lh_Pole_temporal,x11145Ctx_lh_S_calcarine,x11146Ctx_lh_S_central,x11147Ctx_lh_S_cingul_Marginalis,x11148Ctx_lh_S_circular_insula_ant,x11149Ctx_lh_S_circular_insula_inf,x11150Ctx_lh_S_circular_insula_sup,x11151Ctx_lh_S_collat_transv_ant,x11152Ctx_lh_S_collat_transv_post,x11153Ctx_lh_S_front_inf,x11154Ctx_lh_S_front_middle,x11155Ctx_lh_S_front_sup,x11156Ctx_lh_S_interm_prim_Jensen,x11157Ctx_lh_S_intrapariet_and_P_trans,x11158Ctx_lh_S_oc_middle_and_Lunatus,x11159Ctx_lh_S_oc_sup_and_transversal,x11160Ctx_lh_S_occipital_ant,x11161Ctx_lh_S_oc_temp_lat,x11162Ctx_lh_S_oc_temp_med_and_Lingual,x11163Ctx_lh_S_orbital_lateral,x11164Ctx_lh_S_orbital_med_olfact,x11165Ctx_lh_S_orbital_H_Shaped,x11166Ctx_lh_S_parieto_occipital,x11167Ctx_lh_S_pericallosal,x11168Ctx_lh_S_postcentral,x11169Ctx_lh_S_precentral_inf_part,x11170Ctx_lh_S_precentral_sup_part,x11171Ctx_lh_S_suborbital,x11172Ctx_lh_S_subparietal,x11173Ctx_lh_S_temporal_inf,x11174Ctx_lh_S_temporal_sup,x11175Ctx_lh_S_temporal_transverse,x12101Ctx_rh_G_and_S_frontomargin,x12102Ctx_rh_G_and_S_occipital_inf,x0XXXXXXX,x12104Ctx_rh_G_and_S_subcentral,x12105Ctx_rh_G_and_S_transv_frontopol,x12106Ctx_rh_G_and_S_cingul_Ant,x12107Ctx_rh_G_and_S_cingul_Mid_Ant,x12108Ctx_rh_G_and_S_cingul_Mid_Post,x12109Ctx_rh_G_cingul_Post_dorsal,x12110Ctx_rh_G_cingul_Post_ventral,x12111Ctx_rh_G_cuneus,x12112Ctx_rh_G_front_inf_Opercular,x12113Ctx_rh_G_front_inf_Orbital,x12114Ctx_rh_G_front_inf_Triangul,x12115Ctx_rh_G_front_middle,x12116Ctx_rh_G_front_sup,x12117Ctx_rh_G_Ins_lg_and_S_cent_ins,x12118Ctx_rh_G_insular_short,x12119Ctx_rh_G_occipital_middle,x12120Ctx_rh_G_occipital_sup,x12121Ctx_rh_G_oc_temp_lat_fusifor,x12122Ctx_rh_G_oc_temp_med_Lingual,x12123Ctx_rh_G_oc_temp_med_Parahip,x12124Ctx_rh_G_orbital,x12125Ctx_rh_G_pariet_inf_Angular,x12126Ctx_rh_G_pariet_inf_Supramar,x12127Ctx_rh_G_parietal_sup,x12128Ctx_rh_G_postcentral,x12129Ctx_rh_G_precentral,x12130Ctx_rh_G_precuneus,x12131Ctx_rh_G_rectus,x12132Ctx_rh_G_subcallosal,x12133Ctx_rh_G_temp_sup_G_T_transv,x12134Ctx_rh_G_temp_sup_Lateral,x12135Ctx_rh_G_temp_sup_Plan_polar,x12136Ctx_rh_G_temp_sup_Plan_tempo,x12137Ctx_rh_G_temporal_inf,x12138Ctx_rh_G_temporal_middle,x12139Ctx_rh_Lat_Fis_ant_Horizont,x12140Ctx_rh_Lat_Fis_ant_Vertical,x12141Ctx_rh_Lat_Fis_post,x12143Ctx_rh_Pole_occipital,x12144Ctx_rh_Pole_temporal,x12145Ctx_rh_S_calcarine,x12146Ctx_rh_S_central,x12147Ctx_rh_S_cingul_Marginalis,x12148Ctx_rh_S_circular_insula_ant,x12149Ctx_rh_S_circular_insula_inf,x12150Ctx_rh_S_circular_insula_sup,x12151Ctx_rh_S_collat_transv_ant,x12152Ctx_rh_S_collat_transv_post,x12153Ctx_rh_S_front_inf,x12154Ctx_rh_S_front_middle,x12155Ctx_rh_S_front_sup,x12156Ctx_rh_S_interm_prim_Jensen,x12157Ctx_rh_S_intrapariet_and_P_trans,x12158Ctx_rh_S_oc_middle_and_Lunatus,x12159Ctx_rh_S_oc_sup_and_transversal,x12160Ctx_rh_S_occipital_ant,x12161Ctx_rh_S_oc_temp_lat,x12162Ctx_rh_S_oc_temp_med_and_Lingual,x12163Ctx_rh_S_orbital_lateral,x12164Ctx_rh_S_orbital_med_olfact,x12165Ctx_rh_S_orbital_H_Shaped,x12166Ctx_rh_S_parieto_occipital,x12167Ctx_rh_S_pericallosal,x12168Ctx_rh_S_postcentral,x12169Ctx_rh_S_precentral_inf_part,x12170Ctx_rh_S_precentral_sup_part,x12171Ctx_rh_S_suborbital,x12172Ctx_rh_S_subparietal,x12173Ctx_rh_S_temporal_inf,x12174Ctx_rh_S_temporal_sup,x12175Ctx_rh_S_temporal_transverse
0,1.00282723866598,0.990100026289001,1.00202471246188,0.981278985764695,1.03979773584777,0.995227678736412,0.989765844353734,0.988575565711835,0.987095729004496,0.982882963582211,0.974779883995158,1.00755197518053,0.995424229600672,1.01655525494008,1.00522193728539,1.00733933051076,0.996585448298332,0.977850132923782,0.999318236785548,1.00085149486925,0.99336350649656,1.00188137392635,1.01713296751029,0.974221205789587,1.01741500690888,0.995908833942021,0.969940357209605,0.990821933789461,0.987548134133158,0.997873601278023,1.01544666527879,1.00800846214599,0.996432539603326,1.00560288382292,1.0065352033212,0.999610430388816,1.00387625437208,1.00990274652793,0.996464953313252,1.02276198994892,1.01041505708118,1.00003398085403,1.00713393091851,1.01820403422524,0.998991835587368,0.982841805675483,0.996469312106338,1.09484034273381,1.01733759740927,1.00885756101301,0.99643739572325,0.999561886794283,1.00644748430583,0.995948870294176,1.00257344336922,1.01815050279192,0.997200266652969,1.01019429469474,1.00485881163867,0.990310868885123,1.00179155456873,1.00307516134364,0.997107097258918,1.00056189279674,1.00805580388262,0.97837377508338,1.01007467378026,1.00454893000875,1.00430181561009,1.00289812846584,1.02228724889742,1.00636988191786,0.995294330798484,1.02037231957785,1.03229428228228,0.99644831508303,0.990960422897709,0.976891613895216,0.994794961242741,0.992617932953025,1.00089199157495,0.991521045247067,1.01323736911479,0.984433380695567,0.996080006190639,0.970582001060374,1.01155185237987,1.00553166817685,1.00249810085111,1.00048454382283,0.981202982062664,0.983169623706429,1.00395197556885,1.01259206060046,1.00513281809701,0.995224358782743,0.98433761472875,1.03077319787283,1.00450424517031,1.01115100174112,1.00565279052596,1.0226374184551,1.00046998500268,1.02278725228416,1.0252782328607,1.02698675675669,1.02205989268231,1.00151875305059,1.01305768322066,1.01937767789176,1.00340790312115,1.01229953031465,0.996868277411371,1.01582926349577,1.0146407811079,1.00349539592692,0.997286754319913,0.977039995963097,0.983934547078161,0.982841805675483,1.0108688484513,1.05117135359975,1.00024024040297,0.974129313099867,0.974449168096111,0.989294003442251,1.01646679374505,1.02159354500786,1.00335160874651,1.02247605314525,1.00936407823482,1.01408556867201,0.999043335833404,0.988284021700848,1.00856283101585,0.995435511821409,0.998663772170915,0.986179999313477,1.00629327825743,0.97865576043668,1.01818711673159,0.997768534027451,1.00087503783313,0.989871055054334,1.02079347036997,1.00954948748641,0.997599787214835,1.01060606024492,1.06366344029629,0.955798376071355,0.999735821726536,0.95543038410094,0.974670727655457,0.988178625629856,0.990476160560637,1.02269471763615,1.01862404733333,0.982201524659249,1.00354779703411,0.993459508189758,1.01005781787565,0.996392359485861,0.974481519589857,1.00570375418145,0.954514456000779,1.00063690818611,1.00521141493957,1.00438324441217,0.999124512635438,1.00355982792491,1.01584880599619,0.995488961009248,0.993118191743814,1.00351758804814,0.999002839589774,1.01094520725482,1.0166895700461,1.01050920717832,1.00546140252709,1.04696623141916,1.02754544905293,0.999715632166323,0.989452177650323,1.00090788541326,0.998187391083794,0.99614615658433,1.00414264333491,0.996426326220758,1.01687344063211,0.996037966480169,0.964320484989774
1,0.993475073928848,0.992599499195289,0.987209706070059,0.98559965447097,0.969425453037633,0.995020318997475,1.0052009507406,1.00183284588402,1.00074016602603,1.00737419349741,0.985132790749605,0.990838501476194,0.989821098810701,0.987571622238578,0.981972310287033,0.956173919424171,0.992032053832646,1.03743386796828,1.00362110109246,0.993905740350739,0.998582030732363,0.995454908790778,0.987699689276591,0.998465715432266,0.98028072706379,0.994693864212849,1.00038489183943,0.99009730859901,0.993805131997053,0.988198044843759,0.982932789124133,0.977038208207496,0.992603178119259,1.01355234274292,0.987710396812228,0.968185789111037,0.993447355618439,0.98641090633705,0.982023473041446,0.978163853479326,0.996918112815995,1.00497964356426,0.988744169503194,1.04119675252911,1.01679157215278,1.00460223154481,0.999536163899629,1.01761471495719,1.0034514513627,1.02121363385496,1.01829106857551,1.02670116337454,0.989227332651751,1.02467901759157,1.00370422611811,0.990701614260451,0.994653510038714,1.01024010081614,1.01035196939653,1.00187777808141,0.994042294231663,1.00362375414466,1.0153131787411,1.00462879161433,1.01445827793457,1.00092869408701,1.00483303826118,1.0147735939125,1.01289238558702,1.02408390093668,1.00820629599264,0.99761530924042,1.05357484781361,1.01123901005952,0.993359333668235,1.05019399479315,1.00654526494068,1.03161122870545,1.03578178115577,0.991100052396547,1.00008173582397,0.996380041542876,1.00374937704826,1.02842782782751,1.00856334462736,1.00334089891058,1.0195659887194,1.00636942020113,1.04004396257774,0.991960088193573,1.02928121250097,0.997939430082677,0.994720489052623,0.969227212938812,1.00527142321285,1.03209608211318,1.0181246223395,1.0044694594317,1.01614639352166,1.02232454295771,1.02981870778206,1.01302271892395,0.973339542098479,0.981253980230209,0.992227725915832,0.988511286994421,0.996744221802734,1.01271869471244,1.01082793781956,1.01242933644451,1.02313338247807,1.01419875219302,1.01160420397678,1.02761966184858,0.975184494283771,1.0139847647057,1.03726167887552,0.98794048746395,1.01816557950282,1.00460223154481,1.01598821725975,0.986972401403284,0.993894031219073,1.01004011093417,1.01448577085531,1.01245657349233,0.997361717545195,1.02143827877106,1.02029578842988,1.00635756606562,1.01511679123233,1.01305128025037,0.997652323351612,1.00207500384319,0.991432303409585,0.999269858349806,1.00641675347496,1.0096104733912,1.00199606326168,1.01826947531431,0.994393806819041,1.00219051149518,1.00699276959675,1.01279532327674,1.00506454091931,0.999102297931039,1.04207428486172,0.979051616978847,0.945477703981208,1.00287154763234,0.995670048107855,0.992417943297328,1.01227690908446,1.0010496086858,0.999466868701777,1.00564373552787,0.995647065163662,1.00892908403538,1.01499583731926,1.00107792517657,1.01559484356465,1.00265139352552,1.0211500257086,0.985124998552311,1.00168713054847,1.00102411664787,0.98526337481731,0.988987025076386,1.0216817919018,1.01708717135606,1.00417553035507,1.02093068980207,1.01412037600586,1.0215794464013,1.00709920540256,1.00026858513245,0.989070707371238,1.00435865828271,1.00151172593558,0.98321911960489,0.977362399491343,1.01452048680666,1.01240264000275,0.994098499337575,1.02304009102173,1.00246414816529,1.00788112234082,1.04577621041106,0.991293639383033,1.0000955798547,1.01383327924407
2,0.993153931201181,0.997671857932027,0.98526160313252,1.00573491239095,1.01073061467726,0.988758988893265,1.00002435550936,1.00099130023269,1.00508821255401,1.00023276235706,1.00553834880568,0.984834485439612,0.996201987237178,0.98380398155732,0.958829468675,1.00154101924759,0.988964269281583,1.00404964506561,1.00579170703112,1.00145627425324,0.93281767016644,0.993835385083937,1.02470422930762,1.01221170694185,1.02176593758116,0.987865503814127,0.989022491929675,0.99654059563618,1.00343895650958,1.00250101270914,1.00591994087856,0.991572517767993,0.989700540100605,0.969738404117484,0.987015162676348,1.01337159395675,0.990991771403056,0.996625903506837,1.00239999122851,0.998313264133132,1.00145839789065,1.00318901575835,0.995558865325974,1.04375481674793,1.00506076575987,0.98929962465165,0.997535313174174,1.04341180951982,1.00427536686962,0.988877206652465,0.988483757938072,1.02644375403379,0.981069678052703,0.99156057561433,0.994113814542797,1.03210547540569,1.02073504468718,1.00178237201529,0.993582905636329,1.01771971272733,1.00433041430145,0.986095019726134,1.00259456860717,1.01448997577315,1.02876148262106,0.980058143559325,1.01486975808817,1.00320981510253,1.0094077268185,1.01259279157528,1.00639722378516,1.01160309791748,1.04374079607641,1.03640275799619,1.0074814493476,1.03452429700889,1.00539726419261,1.01230380347633,1.02295103080878,0.983414929503907,0.995421625006884,1.01954849634133,0.991965555320368,1.03723409261435,1.03625146183814,0.998701401676458,0.996507771342225,1.02578413823994,1.00173518995001,1.00319396976194,1.02052030785338,1.01085443616548,0.982796586388338,1.03573769702327,1.01757822408003,0.96624178266454,0.99663443492368,1.00425836629213,1.01388974230299,0.981413578401446,1.00360871598332,0.996768653980145,0.995361414271888,1.0136570716791,1.02310507298289,1.02360474206528,1.01390891277995,1.00955958356627,0.994340057997213,1.01060162618824,1.02609970909696,1.021675135308,1.02594356323488,1.03434609005459,1.00360396593264,1.00703489491304,1.02600868350696,0.973875502017286,0.998674926878006,0.98929962465165,1.00994034990413,1.03014037860236,0.994377008793399,0.974599541137754,0.961355665683126,1.01041287284074,0.98142955707505,1.02449112127705,1.00026497948197,1.00916972422733,0.987249980802256,1.00420379436125,0.996468278247705,1.00707890977086,1.00645169879375,1.00579788158004,0.993492654760897,0.985510526493814,0.999575286012774,0.973625588906373,1.00724155823776,1.03511236399479,1.04276266664099,1.01849445103072,1.02321059580161,1.009122467106,1.03670251852989,1.01055789330648,0.973802201462986,1.03355193310072,1.00253097480252,0.996760187481414,1.02195067052541,0.990155014430531,0.994206625115995,1.01549927850445,0.981915425170391,1.0110757465169,0.993669367546136,1.00067458557937,1.00520038796926,1.012378186033,0.970579125320489,1.00968477827049,0.985329374546918,1.01152350281469,0.982677873085658,1.00386063991596,1.01591376820865,0.993517302761396,1.00258330007432,1.0269970387343,1.01518579880461,0.986269850268914,1.01086353026021,1.01189008534995,0.989144206237327,0.986311686557578,1.00744050782764,1.02502492209605,1.02307352650503,1.01189333146274,0.99390314746886,1.02293400004739,1.00802060758875,0.992274598888088,0.992606301362009,1.02080240791008,1.00788350853922,1.00903311444593,1.01646202684484
3,0.997839616270944,0.999575481662043,1.01352057484493,0.999171003677693,1.04062830568575,0.999496541584338,0.999211266267863,1.00332394539231,0.995714191965478,1.04443375847068,0.974335462800522,0.989813375240959,0.999122344102805,0.990582488409299,1.02301870651246,0.979998987918274,0.993928940319526,0.990175441269309,1.00417077675809,1.00462977731831,1.0544933284418,0.991660472611117,1.03653978769603,1.00989267567594,1.03991177822581,1.00535983238451,1.0134678647324,1.00870040641935,0.99800531828364,1.0139507640908,1.01389960443229,0.994683739934495,1.01183728029296,1.00397255482664,1.00418256007887,0.955002022859096,0.998121095540048,0.993568531263491,1.00268187348366,0.995361272850296,1.01121763841354,0.976902233614473,1.01827809933059,1.05881694733787,1.05792997510468,1.0174740349478,1.00731713323818,1.0186880509784,0.994102103138086,1.00926253306941,1.01992096381138,1.04695775759926,0.999811755352599,1.03553968680109,1.01414702620961,1.01900890144873,1.03189708718942,0.993798359537455,1.0161411368509,1.01157262400489,1.00411957659134,1.02576057154372,1.01686730974092,1.00845175652672,1.01675643122307,0.990167420334031,1.02149810014596,1.02778954365166,1.01143245833245,1.02449406533801,1.0258452042653,1.02354859504096,1.05259179160004,0.992824367492052,0.964202573606885,1.00779404492519,1.01468007766314,1.00091494015545,1.01153369216346,1.01231545530719,1.029864692298,1.02094727099761,0.991551981191484,1.00323595300374,1.025356700026,0.975461610790048,1.00304381678816,1.00419844562784,0.990456306176081,0.998109920748702,1.01213319590981,1.01320973468605,0.987883621051217,1.00782523271545,1.00876589129747,0.998882140526406,1.00138348114833,1.03181101684195,1.00704229558547,1.01919471008262,1.00868890244202,1.01291667178836,1.01438380624944,0.983390575027916,1.00161090097175,0.98952707250279,1.00460991910913,1.02220055931387,1.00254189610351,1.00091703800125,1.00110706850374,0.995553104306461,1.00378940950648,1.01337832546039,1.03101241946796,1.02317345806278,1.03132228938152,1.02594531330613,1.03275329941117,1.0174740349478,1.0137191404971,0.970372696798238,1.02198865093187,1.02158537656752,1.02049410500605,1.04497771501145,0.995197006720865,1.02472640500474,1.00777670157777,1.01390382715577,1.02015768389203,1.01536586193509,1.01164653162908,1.0036429381679,1.01752549128516,1.02611901103335,1.03017631757424,1.02267882808075,1.03152713259403,1.00827060713626,1.03240664451183,1.03506192246062,1.0326792162773,1.03732232228991,1.03023621105935,1.02520900182693,1.04018618392745,1.00066604620767,0.972227892106123,1.01304981649448,1.0208346368465,1.04929611087446,0.999864712254672,1.00127993544884,1.0260010033869,1.02866901537916,1.0197310816445,1.00440099955512,1.01361279503288,0.997869678234197,1.01450886363009,1.00816650343824,0.996726561482138,1.01290997259345,1.02912293390609,1.01137935199083,1.03013052916331,1.01043430953052,1.01656908094362,1.00818301635379,1.0139849400912,1.00756986383498,1.01148050102387,1.00407592195991,1.01981185412497,1.00560772650133,1.00493655991885,1.00987534478512,1.00405369067587,1.01191005902361,1.03216212401879,1.03415489435812,1.01075891480415,1.01794096058119,1.02838354816709,1.01136758706936,1.02285148932908,1.01040549616935,1.01873472560005,1.01313621637182,1.00886659808847
4,0.998590271381702,1.00155206410256,0.995692844709881,1.00063899755065,0.983132050656228,1.00436679977817,0.997416165965787,1.0044873847132,0.988020423796051,0.992019599251452,0.994813427988352,0.997718639594352,0.999595451824403,0.993215896400536,1.01020857461404,1.00273961705355,1.00181443326736,0.997998115675664,0.99162528735065,1.00114656429805,0.978300602111056,0.995615604232562,0.992068614851911,1.00273733157175,0.992762557302017,1.0009473513003,1.00768499528533,1.00510232544244,0.996754991928789,1.00058360081232,0.997416043960993,0.997747013946611,0.999092742766986,0.991412692522991,1.00395258502757,1.01188420711908,1.00263578283632,1.00057744862912,1.00697176160113,1.0048924600541,0.99302598338728,0.992635135454124,0.996552905837606,1.01443362963405,1.02043424385445,0.987330880177996,0.985156745347118,0.965973092527555,1.00455826094449,0.987978003713402,0.984876510754524,0.996146271480596,1.00110672448084,0.982620415804129,0.990947811068437,0.993565353523001,0.99694036218086,0.992064572971094,0.99490053287155,1.00035968731847,0.993830885892181,0.997905343313863,0.989626317984698,0.995802434675139,1.00205893842438,0.994025396041365,0.981754586194946,0.99815512505351,0.995408989552317,0.989215789803795,0.976879172673713,0.9793408272,1.00511088280456,0.998109119113699,0.991714069708467,0.994139791638574,0.999831810226848,1.01355801724038,0.994051146823564,0.994476489408952,0.999194420886604,1.00729457511963,0.991247987136696,0.992895476287092,1.00433796841218,1.00640279603177,0.996186095909801,0.981264637484722,0.968168242402083,0.990771145535656,1.00499876519622,0.992782929886879,0.999310941247394,1.0021001322085,0.986603317492875,0.991422398112372,0.986837320903178,0.985414064537612,0.986093033162956,0.984728926312093,1.00239347079963,0.999596877070833,1.00263329445208,0.990746906530033,0.978870309969118,1.0017600131148,0.981588254129935,0.998688976033362,0.998542734311915,0.983160018686753,0.983666103313937,0.98058850756597,1.00989500299424,0.971898762805505,1.00723859219373,1.00733398321035,0.983676275805111,1.03277116674284,1.04516879590684,0.987330880177996,0.994386205748373,1.03391822310417,0.978858038695809,0.98999899720365,0.99215041253291,1.00974128354516,1.01863309623124,1.00171785661416,0.990975592922323,0.998447827663556,0.995897453133465,0.999958728096419,0.996083979671594,1.00873008083031,0.998051820000211,0.999980753047261,0.992094632041454,1.01701946833358,1.01089583394041,1.00107142151378,0.978992026147702,0.99496654979117,1.00127005747299,0.992179440472348,0.990545363639623,0.992154929126818,1.02741441120776,0.989404864048971,0.983500569009479,1.02270723634352,1.00760123881832,1.01204199696668,1.00630443381196,0.99832245238807,1.00788399906329,0.986762836285881,0.9861691103978,0.995594626569357,1.02175062789862,1.00065825995533,1.0133788092583,0.995184920332958,1.0007493060982,1.00076599549655,1.01541303825274,1.00303443220282,0.984232144717906,1.01504882600613,1.0029773471357,1.00256187559842,0.993552200509207,0.996882151101602,0.981207666120601,0.989895988713268,0.986248132708507,0.994622833109658,1.00536537958488,1.01220698971364,1.00466092197224,0.988854810952273,0.973454430934067,1.01319265213909,0.996083725543328,0.991288813234239,0.990584116076278,0.97725614471608,0.973578897392963,1.00957568124515,1.00131146830578,1.00731656550531,1.01863860705085
5,1.00131771202035,1.00432843772238,1.00788127001419,1.00356549954399,0.979734332374066,1.00705476824772,1.00051820914968,1.00169330122074,1.00663491041664,1.00836512957079,1.00949274078603,1.00485033703444,1.00660986275338,1.01030514554728,1.0034415116495,0.996490532778281,1.00539541908015,1.00554661084702,1.00226648946891,1.0019519344495,1.01307293060159,1.00168233211364,0.995359182053571,1.00985087128613,0.986466654216949,1.00780424018004,1.01132372575661,1.00487611175561,0.998638559744712,1.00474981450222,1.00267081311623,1.00515354297576,1.00535620081343,0.995494616442762,1.00289195069917,1.05068374526257,1.00566762527911,1.00351513280252,1.00382853357171,1.00381633944121,1.00313866693048,1.00559201113356,0.998891805400812,0.985674013726675,0.996928658716751,1.01841513176366,1.00160082955446,1.01364023184602,0.995184187527365,1.00540733781911,1.01388247397684,0.984833309632572,1.01062865209502,0.982141358818614,1.00107324955223,1.02629259551294,1.00946876955575,0.99262158194067,0.99983437542628,1.00577582783721,1.01077834126936,1.00324357765615,0.98822548325549,0.995308720803411,0.995358192649258,1.01882469188036,1.01782448576248,1.00143496884775,0.993616633871166,0.990212527917799,0.989803422845339,0.995462232453425,0.973992371450992,0.999347598933853,0.994271837515101,1.00052499864823,1.00683165921093,1.00639400473838,0.998823695678622,1.01652952150479,0.999183740927107,1.00641959794321,1.00645948271829,0.99759198076497,1.00737842936784,1.00859375204823,0.998397564033445,0.993471801603816,0.996862585771326,1.01299993326839,1.00029324280931,0.998496306558904,1.01869955263934,0.980302858231022,0.995513590427908,0.987989656328389,0.991626014872076,0.993690771621007,0.998977556823387,0.998717460626351,0.99090275073199,1.00241357997486,0.998644721585904,1.00439473410526,1.0068925255653,0.993071520081224,1.0025105767563,0.998571496242512,0.999537344207481,0.991755612262883,0.992930392659042,0.990351270346884,1.01375046255746,0.989305127213898,0.994990025105402,0.993028192637808,0.996380098241015,1.02487230671031,1.00700306535802,1.01841513176366,1.00786766477002,1.01473319002408,0.99943450849049,1.00619574444873,1.00961718183527,0.988597521304941,1.00441662899558,0.973373648272986,1.00494810064101,1.01125224685056,1.00665238011897,1.00245471681842,1.00042273303949,0.999481221678671,1.00401722667109,0.995045949527026,0.983241762433152,1.00462595226532,1.00021135206924,1.00672841524069,1.00558588486114,0.999278646667848,0.999508002793885,0.992670774464896,0.995191602312414,1.00252437794694,0.974653402112739,0.991131392504309,1.00322342435008,1.01572417477276,1.00277363333679,1.01071939724085,1.01484184746007,1.03380472538977,1.00362834312946,1.00338364778201,1.01239233362198,1.00579115549941,1.00424669392406,1.00559884789656,0.990614435857667,0.996573621205903,0.995450348123432,0.998979720391828,1.00408941699637,0.99792052258014,1.01788238783601,0.989477422769499,0.991497954905118,0.992071437066206,0.9905836041057,0.996447226750008,0.998478851053884,1.00487589978472,0.996190107834839,0.999531715081559,1.00715471511389,1.00645704066663,0.994811246021438,0.992519525533776,1.00139543964227,0.987874424309692,0.998936794299883,0.999280881859544,0.99495081961158,1.00255895325548,0.987914892707692,0.978845616841459,0.997814602629458,0.99694165058373,0.996490130162982
6,0.997929922851089,1.00937232621672,0.993892986275284,1.0137586155712,1.01738926780644,0.996247216908822,1.00050316517451,0.997093818412278,1.00329051483478,0.992514605521015,1.00837924908515,1.00350833862624,0.9952962099104,0.99081601108697,0.999075258381054,1.00368294778308,1.00012854487399,0.990741722974093,1.0120721504722,0.994831911158274,0.988950697605224,1.00639265620098,0.976711094937251,1.00379002550125,1.01397566479102,0.996543677195119,1.01114174527631,0.996885879924334,1.00375654915819,0.989979445245708,0.982087198611406,0.993937570127475,0.99626137472129,1.01429416334827,0.997299678686943,0.993872403190282,0.994002593967111,0.998694665649705,0.999878068750624,0.98814278088264,0.98849912096696,1.00424257633214,0.991941940657941,0.984941898840657,0.987114410995958,1.00565858490833,1.00606230640718,0.96932721298282,0.986236478691567,0.987771431950236,0.992358434646419,0.989676864990937,0.990748404875446,1.00845167617117,1.00217780756055,0.977540290965729,0.986314457146984,0.996947259496125,0.991980251854221,0.994308283998882,0.995015104074894,0.997099232585121,1.00169043486976,0.998766968755377,0.996201729533263,1.00470834068661,0.98668287662252,0.988509238090816,0.995882451109673,0.983499292904565,0.994386691688584,0.996324638658134,0.984365691453861,0.985082020578529,0.997558750081106,0.983296183788847,0.99657102238295,0.994308456092956,0.98968023526477,1.00580386014549,1.00101203096763,0.992454071956675,0.988748689236782,0.992034111873416,0.992067961013708,1.00735125201103,0.996250085062116,1.0004360403749,1.00911478744702,0.993013838035164,0.993221931054055,1.00350386040035,0.999595894509219,1.0007478373655,0.998203026837631,0.997046954347058,1.00353498524935,0.980084683313164,0.991585205245648,1.00181949378821,0.992062339721874,0.982490350835702,0.999898613093971,0.992003021265846,0.994727868223496,0.982050411529384,0.987628624245792,0.990196770840553,0.988463924150652,0.99715937083897,0.996856066862439,0.998234497643427,0.97336610300961,0.996614292595993,0.994549727691117,0.990883354522321,0.992133376233978,0.981406532257999,0.983915619904782,1.00565858490833,0.977106367180904,0.973253391065854,1.00655530843937,1.0166139018828,1.01611752007905,0.996226115974937,0.984594413994302,0.997608523949165,0.992091988464819,0.986896813248531,0.989822350884418,0.987980856272297,1.00122390002542,0.997082828857977,0.989297517874678,0.992591045069331,0.98492331377449,0.992136794594464,0.995087395090505,1.00361251720256,0.992180211306757,0.982075920694611,0.978886844902223,0.98152620681044,0.9857570813184,0.994861280775377,0.980609188676418,1.0068910917515,0.98943210549968,0.993099985018982,0.993820755844812,1.01003041173705,1.00399986889246,0.990053821002514,0.989875288142922,0.980771709370455,0.986577779871907,1.00148436931628,0.99339895087818,0.99843499788685,0.995702502606592,1.00512025464049,1.02024906302129,0.98763540629654,1.01557928502394,0.990018341052787,0.994066471552797,1.00044980901239,0.995002907336071,0.991109437747743,0.994463041433422,0.991707751242512,0.999771297753966,0.995225948936074,0.988959719385214,0.989357738365485,0.978072102596182,0.985623956459526,0.996586064747588,0.984965423435317,0.985156381204651,0.994409130765325,1.00668946728063,0.996849762448763,0.992607454967397,1.01222666204126,1.01178346008665,1.00063252627252,0.981729590750985,0.992845262399799,1.00847447788914
7,1.00367791801549,1.00324039914774,1.00783053079626,0.999499360041133,0.991603401019332,1.00065766830906,1.004775320933,1.00697712772453,1.00351651844729,0.990920674517611,1.01186840114461,1.00852935895363,1.01022788143573,1.01476146352528,1.01039253035637,1.03899573871445,1.00401619746985,1.00603150914815,0.987626908510685,1.00427977612628,1.02583230032351,1.00962796943577,1.01396744342372,1.0005006006419,1.00196018199714,1.00260674378614,0.981315333739205,1.00639017410003,1.01046160138312,1.0034991240077,1.01116462530031,1.02704902357308,1.00118722209656,0.99651616750455,1.01227206056054,0.970402164471237,1.00338003763062,1.00327026439934,0.999921330046487,1.00742546660059,0.999025011968213,1.0017618528391,1.00916241887367,0.949041418650956,0.958929217276259,0.984095491288281,1.00060793028776,0.92784431327791,1.00976875202166,0.998519889769197,0.984200031524511,1.01219987333557,1.01121039684158,1.02660163604693,1.00394922582388,0.975677695606025,0.991331041573578,1.01196773877092,1.00337167774341,0.999236251030068,1.00337190124935,0.980156773452189,1.00382547779656,1.00045547237686,0.980638306587217,0.989034296680654,0.994577014477946,0.988000280885236,1.00384672728946,1.02660298880752,1.00821844521843,1.00494075485519,1.01939389048623,1.00405714478912,1.02938083062217,0.978646046925232,1.0011738896639,0.993774670865801,0.991987818007844,0.983277907285818,0.989776940393124,0.998409215466818,1.0205037056873,0.99917198518724,0.960936821346097,1.01071480702777,0.997276823386952,1.00285851230684,1.01482447374003,1.01596329088643,0.991199482760305,1.00834373096481,0.984844994210425,1.00189628572466,1.00236843872115,1.02663147905944,1.00900781086393,1.01043894375056,1.00519638584017,0.981477744759624,0.989255109673468,0.992674128220128,1.01599107436595,1.01006358039121,0.994291165879848,1.03142049552388,1.01859610032473,1.00792654661686,1.00074019288798,1.00197712411095,1.0042376176894,1.00515132809871,1.00459927607309,1.01037751206887,0.997346939695457,0.995082585902377,0.983613066238726,1.0031224198122,0.975032517873805,0.984095491288281,1.00316954331271,0.967612318190556,1.00461460198808,0.981294733439776,0.982460755397308,1.00529676382038,1.00285375454395,1.00502211225632,0.994049592688719,0.985320065206504,0.987544640228299,0.983938525972949,1.00164981586373,0.998754923939929,1.00112775339269,1.00988846236579,1.05759747257751,0.992509071685807,0.986618590466542,0.972999589548759,1.00592761733246,1.00436573192947,0.984586474235355,1.04370405392643,0.987557606015628,0.986389087122823,1.01872138737855,1.01055991644263,1.04572710646546,0.979857603249426,0.994060702478624,0.972233642055284,0.968358715819342,0.977156950736119,1.00120695109809,1.00374151691513,1.00218546907554,0.986145456250978,0.979245867103027,0.987030563637821,0.989087097042722,0.993081245677032,1.01553883543881,1.02374462462589,0.976680068069628,1.01433520832437,0.994390341836008,0.987233436480823,0.982244329875026,1.00494507674541,1.00046770205619,0.990556195319728,1.01069091647383,0.996573284939892,1.01878339070144,1.00161993238698,1.01496824438247,0.992172234303163,0.998995655811399,1.01481043441238,1.02160330906125,1.00325682137614,0.981252418121308,0.99494926603545,0.980729727434589,0.992827600566109,1.01432006638599,1.0011701755268,1.00496730419505,0.998119284296281,0.98076718701904
8,1.0156486766041,0.974052272261027,0.997603315714816,0.993393528178672,0.972571022238714,1.00633294922423,1.00475908119777,0.992766776370355,1.00475221798537,0.978773534877246,1.02974721038254,0.989271699669599,1.00287970724912,0.996922840705313,0.980120815269454,1.0096659760874,1.00915206058052,0.989356158108346,0.970591503440174,0.999439905287355,0.999931828222378,0.983854418750705,0.992199856815187,0.961783559703919,0.926821189641706,0.996247913841026,0.986082505069271,0.993542641242489,1.01395786161944,1.00889890720548,1.00676734352247,0.992986057977511,1.00519358682299,0.986887348876182,0.981092561057859,0.954279738241974,1.0029439938488,1.00037269809792,1.00204804666761,1.00320083252347,1.01075489788642,0.996590857671002,1.00514648157299,0.928756843903776,0.973252426340252,0.973328846927995,1.00193111426231,0.966042149491779,1.00259370731709,0.992648747929259,0.990821347132898,0.929317445565905,0.992347552545315,0.944146139438645,0.971067898177013,0.943200000637394,0.973423170139698,1.00313825730189,0.987164752112155,0.973001773110311,0.973509648272767,1.00575809922537,1.00716864330965,0.991905276290211,0.96365350006534,1.02185036295186,0.940540873880299,0.979925498032359,0.981871528709113,0.965571280803446,0.987475401058632,1.00778432954133,0.889109579313558,0.956222359177855,0.98306938187765,0.976517956749754,0.957189091605135,0.949060539092231,0.970795084958947,0.986974231195699,0.978456678975476,0.953509377434103,0.978665427905449,0.986127723905432,0.97646809425509,0.995407076402117,0.973626041261771,1.00025583888668,0.952613803106357,0.969290424324514,0.971263260206746,0.996541415904935,0.996154140038376,1.04816842300667,0.994467784156725,1.02030926294606,1.0351121214258,0.982131768906634,0.987625107654324,0.998994942605857,1.00046165582879,0.982103754768236,0.997817785853924,1.00684091246393,0.978646483659624,0.978601532291758,0.971668653429758,0.95401741448983,1.00188472751826,1.00118533408202,0.985425102367633,1.00893623592279,0.953991405185482,0.950565599409512,0.992225356345827,0.978537482323822,0.969377947549272,0.942434977842035,0.929614978893968,0.973328846927995,0.969532596220458,0.954506414427684,0.997890364268133,1.00566677202539,0.994553790459247,0.94415368773252,0.991432261368821,0.954043792503335,0.98281149810505,0.940857695821001,0.979699028990513,0.983928644495284,0.990789948248256,1.00244956164115,0.985870738691769,0.989865682994995,0.975153048242132,0.979479508128949,0.953600939106397,1.0426109377436,0.949708959699109,0.972187877989326,0.9896949741879,0.939833169876642,0.990331477483487,0.983823461522542,0.897172005831603,1.01681844559839,1.01030215923858,0.974191533728344,0.978215774875392,0.980267986095088,0.976707165450624,0.975097200581066,0.988017767390926,0.954365998513316,0.981720608803129,1.00853372554921,0.951474502891037,1.02194874203292,0.96957447327109,0.995277307113282,0.965930680210576,0.981335604252859,1.00306892652344,0.973069670504591,0.980660947101165,1.02717196127532,1.00135739677971,1.00695745244119,1.00801152374835,0.998016148103009,0.9775872886475,0.989189402203716,0.992130606656906,1.00287617203662,0.997623032928493,0.985387292603551,0.996822364183874,0.963737150580059,0.966185082745257,0.940420941761562,1.01751325325048,0.996607008814458,1.01644987412519,1.00412318188892,0.986229940536524,0.944998268098012,1.00473887311691,1.00334715752084,0.997405065537062
0,0.0145814310739625,0.028644415428668,0.0580963570124647,0.0497444771473488,0.0686931312984366,0.0205484572120793,0.0563093196960472,0.0305660117654586,0.0474398995904978,0.0418191990473955,0.0586449809820619,0.0303280606045586,0.0304631916436067,0.0486641397319331,0.0470883133309228,0.0625979739402219,0.0285341411476194,0.0826414060001373,0.0298614966746464,0.0112151699406743,0.0691449294428822,0.0311667681627149,0.0782464164366257,0.0562024202803858,0.0752871395613246,0.0173610026675576,0.0508557573219181,0.0310720450229177,0.0416342104862396,0.0362006361760789,0.0408631268818836,0.0551996805151112,0.0280425162858672,0.0392295399122801,0.0428086555411199,0.131272412362355,0.0140022026951608,0.0284628244540253,0.032023061913597,0.0324682477844756,0.0212280610436624,0.0279151099405947,0.0256674362278694,0.145818808176035,0.0740589387728945,0.0420934508238983,0.0408066771940218,0.227893780739986,0.0542463721310972,0.0384769619303155,0.0505343253301652,0.0717860011831187,0.0528548412463068,0.0544305681071646,0.0313557523876601,0.0586636079915897,0.0414629980653501,0.0359396309939832,0.0384813838049764,0.0325321119135416,0.0284252676827319,0.0447632269423121,0.0456448657412561,0.0387500980869075,0.0574592247735335,0.0532031735200192,0.104487130814304,0.0374978461698747,0.032393288295696,0.0477125178550368,0.0511485517342502,0.0353217924542328,0.0872213242318907,0.116304836809108,0.119607790739021,0.0497317925727283,0.030286171169239,0.0672549150503091,0.0331067322255289,0.0755376432706002,0.0370009383671029,0.069923247817943,0.0601822913605968,0.0370026072358092,0.0704353022545797,0.0698266597571055,0.0514327689366926,0.0368300504022662,0.0646465220018658,0.0505650680162467,0.0331240900147069,0.031430604538386,0.0703303950015053,0.0594464440840985,0.0396602611996137,0.038188258159058,0.0466371176504486,0.0646456333146347,0.0331863586841848,0.0805666739201311,0.0532258093271084,0.0580032973856204,0.0387506313575771,0.0364468566346452,0.0522634952097629,0.133075583352843,0.0640430966532205,0.0314535575768137,0.0287410246913933,0.0400696152493883,0.0339063616881853,0.0506751921709192,0.102049753471693,0.0701212258753934,0.0420708313911892,0.0249191479833944,0.054222760228423,0.121240925388546,0.0576216818280428,0.0420934508238983,0.0508569987338511,0.0837201742886955,0.0576640334990717,0.04481377170206,0.0607220348228008,0.0564894026176402,0.0533941307269995,0.0605750271571832,0.0405296427798349,0.0546742143833347,0.04163412913295,0.0292562092158288,0.0287833205377891,0.039019336175258,0.0366543869095546,0.0330544514169836,0.0469633817225894,0.0464612110752979,0.0536758082348091,0.0385032398724503,0.051962574700719,0.0402598074590572,0.0377288314274614,0.0579094673948105,0.0507522512757067,0.030014831919232,0.0896029916127333,0.0975079099796637,0.144294847600376,0.0426784650229502,0.0350173739149934,0.0690070520126874,0.0492885843869313,0.0802535052611306,0.031481555959411,0.0744571505291918,0.0508316420744001,0.0499981810171748,0.0530451412823013,0.0667636784885132,0.0381873420898395,0.0310492531971153,0.0711579106559675,0.0406602924836977,0.0451333622053277,0.0384003100854544,0.0717725176389682,0.0725152740998817,0.0265899811060934,0.0304971331759607,0.0329240710307622,0.0583214111137444,0.0306450331034761,0.0635869500359707,0.0534328312583634,0.0477335537147067,0.0428466604869878,0.0582993809868875,0.0371270220715293,0.0988576229448861,0.0715185668824598,0.0497142554233237,0.0403986668195282,0.0295305203786513,0.0286921014647036,0.0385917975094355,0.102186735622478,0.0602543426834035,0.0341089051437455,0.0267622342795581,0.0453811623119391
1,0.0106606198337179,0.0276953841109046,0.0536973432118462,0.0597759213694276,0.0927212674112232,0.0189268316836292,0.0403931116316625,0.0224375042268583,0.0183234322673384,0.049520459794497,0.0630461126134236,0.0250883809398425,0.0312624494380958,0.0497829482014419,0.0527703315307975,0.078051207721337,0.0230167254513759,0.090940050087178,0.0473962419817792,0.0128920708132323,0.0994184604818266,0.0232316403985014,0.061683901202053,0.0383679770616688,0.0689795226373905,0.0158892719119338,0.0345593747396613,0.0272306668490322,0.0311072367888154,0.0284252535143995,0.0304633343783538,0.0453605638027224,0.0259702468471805,0.0470661743842591,0.031824554612118,0.147833276371384,0.0143952467170648,0.0388661896447849,0.0420184165207317,0.0345978595255738,0.018086945210867,0.0390002163285115,0.0362522787598325,0.101062660454107,0.0940119011030829,0.0543652047404672,0.0512618085423239,0.182585018503638,0.0606105714655968,0.0668117879673407,0.0842332323737807,0.111983329084255,0.0728279804790146,0.0502360716978405,0.0499740378973638,0.075212711631598,0.0414089612037223,0.0294107576951646,0.0378981419258461,0.025380842947259,0.0275426988331709,0.0328883502811119,0.0260781831797129,0.0403016597087355,0.0506466629411824,0.0641041982973145,0.0787061655083112,0.0556604166222129,0.05224496665922,0.102917803691783,0.0493832702066633,0.0319095541914526,0.150551056486516,0.0862903845057432,0.0938569430681025,0.0644531638295602,0.0359327719534874,0.0478413338396175,0.0634112205438978,0.0848105495725275,0.0367050393856992,0.0577549728041702,0.0638405686139899,0.0387981398993484,0.0766279616072129,0.0633210566839768,0.0332086083408719,0.0299920676218629,0.080430638423954,0.031661096051649,0.0539323306596292,0.0468770947734163,0.0690323756949697,0.0616756030111475,0.0407476903305832,0.045514673660133,0.0531124200208778,0.101465770277312,0.0471801101484861,0.061120388289306,0.0372267357348222,0.052546736070567,0.0305091039689474,0.0313767061394205,0.0367042147210886,0.104035336609213,0.0762026728216758,0.0714839304972444,0.0353509017576065,0.0326436573586697,0.0414496181212847,0.0445756739366373,0.145607166676822,0.0783279287317998,0.0330835432443363,0.0243626794482087,0.0766666804034625,0.091214762120343,0.0844352784689536,0.0543652047404672,0.0567808550891975,0.0917688150395575,0.0667941429987938,0.0373920053359414,0.0434944919678734,0.0994151309259079,0.0507884962910405,0.0398197066792478,0.0337970671270546,0.0330926069084716,0.043875045385811,0.0334310970255737,0.0227634468106803,0.0449527750322072,0.0404425609923074,0.040786002076617,0.0340811895530079,0.0665727365336852,0.0390442366293828,0.0853571516214032,0.0398647191900714,0.0403413838108987,0.0625233891609249,0.0661427307138274,0.0530623022979488,0.0332987659290527,0.123269317281606,0.0790632579914006,0.0976526919913868,0.0548800897153225,0.0234794624476114,0.0490348093453601,0.0572371090381454,0.101899213375281,0.0344884377843231,0.0891987277373469,0.066532270967833,0.0462285049932063,0.069785871060158,0.0553444265891174,0.0278387096104185,0.0276390485282915,0.0650781184694753,0.0590681572592541,0.0333278065415751,0.0376333937143779,0.0856737730760698,0.0504881118407315,0.0399406689208314,0.0363825339581921,0.032312751467744,0.0388437393233858,0.0322703000984817,0.0616014588789521,0.0508938943375964,0.0536362473321796,0.0514226674335098,0.0648218505469142,0.0441811150176546,0.0899561487080253,0.077430319305302,0.0410555054321721,0.0279517563028127,0.0300767589140968,0.0457531173835546,0.0432319772092499,0.115833225247058,0.0960508142803179,0.0310929251223934,0.0315095208421266,0.0615309892156317
2,0.0190178485820243,0.0233049195164737,0.0385192628500208,0.0737444021355234,0.100517124436053,0.0326914451423189,0.0601928843872613,0.0372361247713387,0.0228359244397467,0.0585540045376849,0.0809654197222544,0.0302808844803213,0.0273350489865614,0.028429953015619,0.0583214728629498,0.0784693527593611,0.0231092150989738,0.0874875865068741,0.0344457015794254,0.0145824126551281,0.0446752937934307,0.0323387207502158,0.0737178813544626,0.0875658649318532,0.121606542111649,0.0278838288960711,0.0275115406302217,0.0422501028786445,0.0576396987883649,0.0428843722499689,0.0346290620268298,0.045809633249324,0.0293287412798867,0.0314950119741547,0.0256170070963055,0.128300294975168,0.0241421789470373,0.0354764585657701,0.0276065049434116,0.031071472798821,0.0198883562088793,0.0339231203450457,0.0367072834474754,0.109222694047937,0.104076968722071,0.0566912838904769,0.0393753629369186,0.14761420513279,0.0411915152999441,0.0510874564948119,0.0586129546630139,0.0891115092832047,0.041269043918193,0.0437328555786676,0.0310234085996049,0.102774036657078,0.0572658247201276,0.0271088138963033,0.0342165938193607,0.0367738947475984,0.0330680007693459,0.0352864130182702,0.0522349960723022,0.0389742096764969,0.039528295171142,0.0433790530727768,0.0616377036911871,0.0369047927555375,0.0465678270353654,0.071520223891167,0.0420380305060214,0.0289337077519739,0.111871090289571,0.075861405063913,0.0573852320932727,0.065170081656064,0.0414114741747399,0.0653512966112482,0.0594353738434888,0.0555041407357844,0.0321281877605723,0.0602841271346755,0.055040225086428,0.0267748374275916,0.112848409294971,0.0351085171690537,0.0235399300997754,0.0270944350737575,0.070284292122786,0.0412052196442287,0.035514314869468,0.0312911106176391,0.0708083150685725,0.0883672740198316,0.0413781726339498,0.0309609620262151,0.0308856607894491,0.0651993195641979,0.0383327722310881,0.0730690413819103,0.0519843430449187,0.0497573208397651,0.03690863245985,0.0236340947414181,0.0428980269445029,0.0882928789982608,0.0493013909804973,0.0352230688009708,0.0307456216737313,0.032656525549363,0.0381480275261049,0.0344213908975927,0.0423921198264035,0.0713734272715599,0.0455906132587275,0.0361177570533049,0.0556853550071087,0.109737392813387,0.107240409049796,0.0566912838904769,0.0376793385701642,0.0809136417505278,0.0641009387378941,0.0283998452944405,0.0343915374337693,0.0557964629575193,0.0526307243167243,0.0521111892796628,0.0372331110041972,0.0719067837152739,0.046311908542161,0.0231254448500122,0.0221430292871962,0.0414456068181864,0.0283308227001516,0.0232594062725593,0.0408403135303323,0.0532094041630059,0.0531152915351083,0.0352629578478268,0.043264833684893,0.0503991982674632,0.0441866606614679,0.0520317495595733,0.0377125533416793,0.0281275995319622,0.109062988193307,0.07259202919287,0.0822862806973658,0.0417641829633732,0.0337859908411386,0.0478650361595984,0.0560371450874238,0.0608276258606143,0.0276995131988697,0.055748348267269,0.0660395765172586,0.0498242420504248,0.104848867924249,0.0650057298089459,0.0441532874386991,0.019907621822077,0.0705113006745547,0.0358395530135736,0.0429533254313322,0.0265998741328351,0.048942275066464,0.118034407062322,0.0413298759497905,0.0364359609525996,0.0264056652881191,0.0460465422717431,0.034831418453098,0.0691031032062408,0.0400792838917513,0.0293087894426433,0.0299809874433091,0.0527441288222821,0.0329528492797123,0.113164588373432,0.0450702509823875,0.0413100963920577,0.0439541832870291,0.0259493858035991,0.052628765272786,0.0290469276522506,0.0608802047319412,0.0797783174559484,0.024822027112559,0.0279620385709553,0.0669929435133198
3,0.0145899809862667,0.0329965646497388,0.0498667548224813,0.0360712518733406,0.0683355633633039,0.0153969076101821,0.031399572260623,0.0324919368476884,0.04455928787894,0.0653548816694725,0.0497359055406598,0.0298506506773924,0.0306395629485966,0.0440769655463183,0.0433665002168116,0.0491326025302203,0.022658945741865,0.0634123591620123,0.0402502474900994,0.0116260337561863,0.171324303304005,0.0232918066005847,0.0528708896239077,0.0547027145484235,0.0971598789449524,0.0182831818089515,0.0413249416823907,0.0275351641682997,0.0407708164792116,0.0339830423678268,0.0409693563417611,0.0465566679000924,0.0236763883585405,0.0248639614792462,0.0286739263777953,0.119218322511119,0.0140070450034847,0.0279796064703361,0.0302450147714773,0.0374438376029573,0.0182246048751698,0.0323209798971039,0.0332156781270336,0.0967752180377055,0.104257048463182,0.0465609193527701,0.0213555327418598,0.176129799000347,0.0418631531664987,0.0355250067920563,0.0412834960812515,0.0558116896504884,0.0850456204890238,0.113025410807978,0.019545469736091,0.0691061502115005,0.0464968653428552,0.0299275337900294,0.0316580267421432,0.0420298842508583,0.034886411266393,0.0367320158878557,0.0552463899768211,0.0366327563273701,0.0714000908199609,0.0482608717831427,0.071096631809691,0.0444407477904675,0.0282686673278949,0.0486531542933146,0.039377485392598,0.047905288625308,0.11000541914637,0.0730448185987416,0.0453243480359083,0.0503159338240541,0.0375583778070186,0.0640133592348958,0.0506340721397991,0.0590406804058782,0.0325983510081144,0.0757292855570125,0.0613055219664946,0.0553262336885734,0.110788398265647,0.0456750512850175,0.0437339878861298,0.0398353621282157,0.0766856869597965,0.0382782709045951,0.0461098112022887,0.0496150609681353,0.0506829661391991,0.05768148207353,0.0329161762111545,0.0434337700731822,0.0592431336021302,0.0571528662616939,0.0386987150710093,0.0704392456497891,0.059141221664495,0.0411949790024479,0.0428895392434389,0.0222037810760576,0.0640079194223064,0.0799254160174377,0.0472722470942916,0.0599095964608963,0.0291130432372202,0.0441772871989605,0.0266141921590966,0.0519541018883687,0.0742136809568023,0.0738817625401115,0.0408633051599936,0.018887648386136,0.0669370436037572,0.081650003075192,0.132361200500144,0.0465609193527701,0.020084047607014,0.0714870210187998,0.0343123273789749,0.0437601657525577,0.0471551219645346,0.0735603993259739,0.0645815285452009,0.0901893637122624,0.0130148662203324,0.0829465515849817,0.0337670466854289,0.0312776997603881,0.0313646849251746,0.0457650440393692,0.0357669301096644,0.0229305633283856,0.0666708877485113,0.0592774064025047,0.0674099765528455,0.0600875128797327,0.0492140659275901,0.0389217881536095,0.0387417813208655,0.0483136337749511,0.0430007065701366,0.0419634763663726,0.0850496180091487,0.0436094851014547,0.0798184965589928,0.0802125454229416,0.0391726519561439,0.0781688643830412,0.0648132767315655,0.0922578976975626,0.0554806781303757,0.0590813635044422,0.0545835447734546,0.045598449142791,0.0903531783801932,0.0610474300269306,0.0368013536287173,0.0368626952793548,0.0694957480928922,0.0413513706952337,0.0611066865551842,0.0304576870376439,0.0786344666901883,0.0430374190754459,0.0380744035291943,0.0286773630918502,0.048711483009327,0.0569913378977005,0.0432062875188795,0.0355969060353053,0.0514729972179837,0.034630639426621,0.0393417050307963,0.0487726388183092,0.0512772045835407,0.0451165983787051,0.0656329495832476,0.043276099731903,0.0414491158111893,0.0340407297566933,0.0486824565709194,0.0680406974517152,0.0658956726577294,0.0664033970707456,0.0408318203971055,0.0296909871508986,0.0610879099290423
4,0.0141393663349936,0.0204360169242085,0.0585841794758585,0.0400323560550237,0.0832290823662012,0.012488650884789,0.040743378430751,0.0242470704320541,0.0330283443084798,0.0359673800812075,0.0514609917809674,0.0318102251037561,0.0285746978481325,0.0338548828308668,0.0370225501833931,0.0898786012080501,0.0237976738530666,0.0519615996367701,0.0254642803755794,0.0116321731551683,0.110498727903959,0.0302295075747671,0.0508832447562851,0.0224622520564271,0.0757284908645527,0.0169874881541537,0.0321703196375052,0.020802501847746,0.0310983223458901,0.0176375283975586,0.026427453572257,0.0644807004444903,0.0180690687301996,0.0296881930151815,0.0314288535537309,0.139598351238967,0.0135148189190865,0.0286546302111903,0.029863532512923,0.0331958830831276,0.0214645601222591,0.0411211365963466,0.0280423839985376,0.126969929818263,0.0704343597771244,0.0686837638992647,0.0314661928719483,0.187503568886438,0.0447026476809305,0.0510746725487686,0.048637844017912,0.0507461935187947,0.0561304108099493,0.0446302005423655,0.0189348922972135,0.0574852078890502,0.0491384699470924,0.0388930009844229,0.0251870824958354,0.0268935995316166,0.0179730721124686,0.0428282592208008,0.0430979375739463,0.0312952721273875,0.0633428783420235,0.064578657176167,0.0686513101242792,0.0389906838224327,0.0394460373130498,0.0508136542417169,0.0475042685698827,0.0365148354706235,0.0663399426330014,0.0442413109899619,0.0992410342888723,0.0453254154119235,0.031313213656531,0.0550356862666112,0.0334083900449948,0.0638824021415505,0.0358197440617608,0.0398722464743119,0.0444143541691163,0.0356114617604314,0.0741254268152841,0.0751228588124853,0.0282744012047271,0.0338717899788136,0.0574305258351421,0.0363081186087887,0.0380101314508057,0.0270174064073996,0.0710801368219822,0.0560973418157579,0.0377297930502562,0.0504403655564163,0.0434609273596382,0.0629603052092991,0.0314392790763183,0.0677209697142005,0.0693128873426456,0.0398658242185523,0.0400004047347314,0.0517639716128464,0.0494354568922568,0.0884068093236379,0.0524963056434872,0.0492231728071787,0.0368974717994232,0.0327272853534115,0.0349828121955509,0.0411012294467934,0.0464370826884144,0.0505029306711839,0.0410024714270707,0.0255581340936405,0.0585327792445294,0.105073952253041,0.0965678169445722,0.0686837638992647,0.0318825210937589,0.0995294917860795,0.0399572859911517,0.0415233246180166,0.0360290700904659,0.0588853062075434,0.0600260010540628,0.0449977180455588,0.0343179251540287,0.0540048325522335,0.0487190028802034,0.0460595239930153,0.0248014351216321,0.0379343388760573,0.0359247841553364,0.0434664652747104,0.0507282247740259,0.0436686281819431,0.0485087073572654,0.05778719245978,0.0392666501329492,0.0265075508085734,0.0313768972242605,0.0399773339035369,0.0421677736374488,0.0344217590240887,0.0740957763777194,0.0628316476692671,0.103391284905096,0.0574761786573736,0.0280064111302105,0.0561264229977227,0.0588729115418256,0.0831248622278231,0.0299963864269283,0.0475435433107465,0.0474238830224392,0.0393336876949974,0.0760337177730028,0.0588534947172131,0.0338472444920011,0.0202996577577999,0.0467232846533063,0.0246169153462227,0.0388397715366307,0.0237489406826028,0.0901998969544748,0.054610817430342,0.0365173609655787,0.040171933606004,0.0422172705431847,0.0438869643195887,0.0253074827512064,0.0627585155242626,0.0607160209123085,0.0533683434481686,0.0440617270775461,0.0425088467129781,0.0321750763534797,0.0676520951568085,0.0415340961069047,0.0465985375763639,0.0296050705826402,0.0260342419600146,0.0328422623492513,0.0485213998696818,0.0652332662228225,0.0622212504372797,0.0338513535847017,0.0237298165393868,0.0486158767414625
5,0.0140427811752941,0.0285573939181419,0.0521190960187506,0.0657190205782344,0.0952249053202866,0.0140221014020521,0.0502467628882619,0.0231314671480427,0.0293410214608058,0.0455023824315782,0.0629226583674601,0.0234446761359415,0.0307388191025554,0.0425138962035873,0.0380033733420626,0.0816514590512306,0.0228480277556678,0.0895065784907881,0.0388519922038985,0.0121744275248713,0.114650337913116,0.025005694423744,0.0645723919252834,0.101344809094985,0.13253706384305,0.0155642848936329,0.0491636375402667,0.0247856811616468,0.0387859840521602,0.0278306133055368,0.0410298068989602,0.0604492371168465,0.0192857121534587,0.0415391974323833,0.0294919383462881,0.150084906205609,0.0127771054994364,0.0257511122206148,0.0298938422821814,0.0394645882075249,0.0227825311673997,0.0393904770175853,0.0289380400624253,0.130123186934379,0.0932665630091777,0.0541676499563737,0.0421666133797081,0.236078699381277,0.0901181554984599,0.0732024452087223,0.0791008300698217,0.0797108918861924,0.0528620883634407,0.0533321842540984,0.0380219733236834,0.0791940246077706,0.0649699897611785,0.0281359015927063,0.0392099407128604,0.0400966968778454,0.0406321585845086,0.0322032216530405,0.0498855648946599,0.0345603794327289,0.0654645164336937,0.0603730646290264,0.0769788858803409,0.0423567463781163,0.0353429068592603,0.0722006617960844,0.042660902565504,0.0331314398600998,0.107171564491562,0.101209305389925,0.109344982617499,0.0575911683283675,0.0349681553976696,0.0454821177967966,0.0577201698900668,0.0767996045039816,0.0342595190565334,0.079151262564787,0.0534476280774071,0.0521783198975469,0.173470598714083,0.0672031767281652,0.03298538381478,0.0341411109646891,0.0795250247653709,0.0412158051422292,0.0436470820179011,0.0437812489559002,0.0704463697634197,0.0779873659709828,0.0401360242384557,0.0502187519825754,0.0379002550482544,0.0464420390028203,0.0523031850110074,0.065072272802857,0.0554952069949858,0.0487039143676521,0.0366018415616756,0.0426395798590954,0.0546789693285375,0.121409161775096,0.0711314881270777,0.0500494163460151,0.032726015637098,0.0388533504333227,0.0373242341127554,0.0422589955160953,0.173761582546271,0.0740356428692473,0.0448942245386342,0.0344861098800736,0.064516679779666,0.124298918641793,0.084534025669905,0.0541676499563737,0.0563043494705145,0.100428880728673,0.0833955057405846,0.0622426369314369,0.0726634834728812,0.0820741391974504,0.0529490761252211,0.045084378620913,0.0376251669262922,0.0713306452336917,0.0540725255836706,0.0298564567100092,0.0359169126326064,0.0384959580910313,0.038213910103775,0.034141597551853,0.036284025378051,0.0538746225659513,0.0504546271602201,0.0646278169246065,0.0580250320589726,0.037645096894772,0.045026144273291,0.0730881230307669,0.0556236400529323,0.033367773191676,0.108431141615863,0.103837781721252,0.125728557197492,0.0525172991801831,0.036232726908868,0.0690216722215783,0.0700391192902331,0.0832913635246356,0.0317402197039192,0.0894603049346421,0.0554866113041973,0.0516451394131809,0.0857133014229735,0.064203153001491,0.0379497468491466,0.0317529990826586,0.0851887999173129,0.0596254262497234,0.0465969774185516,0.0423705313415473,0.0768792202329926,0.0560562963182782,0.0421592083952054,0.0348870987782202,0.0431176812079483,0.0515586601320168,0.0426558578416961,0.0620548410841362,0.039658193444178,0.0418296826470087,0.0483949176194896,0.0573389547249381,0.0394069790220694,0.092139109021818,0.0813039188822622,0.0426117605968889,0.0358853616727338,0.0360908169467965,0.0388808539475755,0.0418818397406886,0.101598272274521,0.0823013631275315,0.0365685908523843,0.0325411317886879,0.0621054282927
6,0.0109661899783478,0.0320993791267556,0.0499983874154483,0.0403903917522892,0.0788227495417857,0.0185116673751707,0.0433875771089626,0.0221257544340499,0.0361428218136526,0.03653766340647,0.0542504361417668,0.0169416456632681,0.0330805438823416,0.0427345029155657,0.032571467500528,0.0691085318104288,0.017362763122148,0.0644860306719435,0.0351388925639237,0.015522680169518,0.139636151357513,0.0287346266810644,0.0656944949123332,0.0328722064590525,0.0664515967515011,0.0140421749389353,0.0414755706027337,0.0231725315710837,0.0330858315182455,0.0312019896561483,0.0414458067832203,0.0429560142411258,0.0198714929949103,0.0340939599780388,0.0273265133709292,0.143301156419073,0.0152799837523671,0.0306492640405504,0.035405178809477,0.0440303616994843,0.0266218857561162,0.0417699438758334,0.0352350898814681,0.152612030134697,0.0758871366405887,0.0651853619450363,0.0539135101898166,0.198771531379553,0.0524257956872684,0.0648771783179844,0.0740050944680558,0.0985841806877939,0.0495691643162201,0.0823046367730648,0.0458660933766519,0.0806424790076737,0.0539818245322848,0.0356941639999726,0.038752056944278,0.0387062299508974,0.0351754119238246,0.0375679885230575,0.0361969217634297,0.0358312368971731,0.0460692628947237,0.0622708534191925,0.0771859847569425,0.0337262075021226,0.0344912059509275,0.0527209663918205,0.0399194010425796,0.0375295429183275,0.1197844871001,0.0814509635267745,0.0911509790295152,0.0599221649072538,0.046404777906574,0.0506811013045782,0.0513982965741193,0.0787033559777997,0.0405941474123728,0.077808514560635,0.0420316464754575,0.0375914690782427,0.0888390824307515,0.0695666195377199,0.035359802966663,0.029547355764826,0.0859593101337676,0.0409326256737259,0.0445951691763991,0.0412011485703692,0.0542653378810667,0.0607814605223244,0.0431991077959694,0.0495188697194959,0.037991112703238,0.0660881855055026,0.0398022480495554,0.0548711299072405,0.0425075023276841,0.0361816350763794,0.0318357842918475,0.0370808618907787,0.0662569190204968,0.0937089957812811,0.0424883865051023,0.0442189664143875,0.0346586002432576,0.0349244393629061,0.0370046428802647,0.040445084854388,0.0958417107552677,0.0854152482298579,0.0391911310994441,0.0330255564860223,0.0664880940790225,0.106845094419956,0.0549207045973446,0.0651853619450363,0.0378972479923783,0.0882580009499936,0.0499821708066771,0.0441686129473044,0.0479843729761822,0.0824097509125223,0.0616839910292693,0.0556731983545758,0.0339422189329799,0.0505336300905941,0.0358733554716325,0.0331005560243302,0.0224094458404588,0.0294986024458602,0.0335044887020888,0.0302653523464507,0.044205272218327,0.048779262835549,0.0519388821658077,0.0630304986259865,0.0613847410099173,0.032790475559372,0.0317717240793707,0.0490547231609682,0.0364468862902293,0.0274674817707353,0.115928503258834,0.0861422440435634,0.0922768030079823,0.0546612277520167,0.0323544986197279,0.0610469857226148,0.0743340629701554,0.0830306044226383,0.0299839746671003,0.0622458859054664,0.0565709187252786,0.0450644120824957,0.0675619170410548,0.0501300927225094,0.0367325818296323,0.0262546696984337,0.0766975235522871,0.0409972962257973,0.046968359082687,0.0355348919434517,0.0638728968904032,0.0461646851046769,0.0361709538321832,0.0428703103555283,0.0449935707233807,0.0508794319632177,0.0302571573033378,0.0481829397203805,0.0428994288509384,0.0378762949220613,0.0419468969677069,0.0566701188553503,0.0381512364021066,0.0634777606671699,0.0672500414525041,0.0442584980184146,0.0291885224666784,0.0255521715096588,0.0393584671336523,0.0413491651707213,0.0784997992938427,0.0918305236152278,0.0295374849920486,0.0304148459303579,0.0635962828328681
7,0.0158298261663607,0.0390777213852428,0.0648735944519054,0.0705958838645691,0.10120804457843,0.0241630284612455,0.0372677964505944,0.0277807727586186,0.0360986351571321,0.044802449164054,0.0673830360070389,0.0223135473945218,0.0383087611396276,0.0436164423905644,0.0546883863088065,0.072008364943443,0.0210064250387234,0.0836575264275966,0.0445039828009378,0.0188556732252521,0.113646883096671,0.0341865236032655,0.0751538383066746,0.048579391158378,0.0602796198664299,0.0221666188339128,0.0335158564272671,0.0282011645183345,0.0289606548699962,0.0341803306912626,0.0544546609393121,0.0979394867524964,0.0280117462049716,0.0387425859943079,0.0435062341111789,0.126240606358399,0.0151388468970516,0.0295296561793687,0.0307301835251846,0.0281315054451049,0.0166836924846648,0.031041564321783,0.0400104362643338,0.145794446908306,0.104592233476596,0.0388228658411537,0.0541244826873312,0.188156818324066,0.0781719661365802,0.0654769560974533,0.0543397550870504,0.112430635527803,0.0808927151099622,0.135474752179552,0.0422635748099843,0.0587324451099058,0.0409726580333696,0.036807067654637,0.0352374289070278,0.0322494894403327,0.0409372303237105,0.0342762210034332,0.0440222647160832,0.0361397694013048,0.0399854548447457,0.0493743122079612,0.0785497487182242,0.0505669108160875,0.0549004576575842,0.126520087029549,0.0657269690801392,0.0420163460807597,0.141813507009237,0.0837222180638756,0.124176651322716,0.0547301545852826,0.030683126369762,0.0450158317221002,0.0533083903671984,0.0625969421494009,0.03352706894643,0.076565258375092,0.0551407621903616,0.0516310624947103,0.120843576781748,0.0590803063958019,0.0474652208732512,0.043539279105908,0.0714067180011618,0.0531418593592852,0.0361764235325428,0.0331265149373101,0.077733236188131,0.0571121961361605,0.033582466114957,0.0370467366675674,0.056739564191039,0.0574840532615928,0.055762693654186,0.0502869593265907,0.0419252772582381,0.0448078886726526,0.0469589126533421,0.0342874633650988,0.055006305911723,0.0886938492069014,0.0872955033662928,0.101953933822435,0.031973430363134,0.0481281900225256,0.0410883242915775,0.0516275089064499,0.127359267767977,0.0742822561998167,0.0395487435138322,0.0281099759727969,0.090006091147185,0.131652036259412,0.0698599580468701,0.0388228658411537,0.0688130065038722,0.143607281922114,0.0729270208561435,0.0427800221697765,0.0396649693811967,0.116188599312611,0.0889738023967542,0.102850545301564,0.0382862360585162,0.0612276197529767,0.0405434165577362,0.0303663541033006,0.033694405452669,0.0288723274082177,0.0390575288158104,0.0330796884643038,0.166430156136081,0.0299775797182088,0.0497494659625355,0.0444999680719346,0.0547275757997239,0.0687043598664582,0.0571938689563609,0.123510132221472,0.039329981912399,0.0395678901357461,0.131221656574796,0.0768532895978234,0.142168906900501,0.0572901003722318,0.034275315496873,0.0585388583917788,0.0857906059681813,0.0410439177027535,0.0341717360061031,0.0699577720763179,0.0735328861702916,0.0531839300307374,0.0899811956106204,0.0330894519493621,0.0352996334964526,0.0454287015978936,0.0717712969047627,0.0544664646072312,0.0454216530767218,0.0483475289726394,0.0577208203365739,0.0521234966471171,0.0292388670370658,0.027607068074367,0.0353576567327256,0.0547155410717959,0.0421012187616968,0.0331192826989339,0.0475515138863879,0.0406694056915963,0.040932079426398,0.0463515080072209,0.0364599614958557,0.104017726542607,0.0876982051091046,0.077550300083466,0.0382529841462475,0.0314800795279676,0.0435583810265114,0.0431432459524466,0.12428607953182,0.0892885025884661,0.0405116104161322,0.0385305141448713,0.0689267708216236
8,0.011035181472776,0.0323411904064926,0.0469101730346944,0.0277729866557074,0.0353321113993723,0.00743449477406983,0.0413057524355685,0.0237334391432182,0.0522623620696586,0.0410905376181892,0.0841583822878675,0.015779148826805,0.0499874129489376,0.0353846260071888,0.0309768469573236,0.0402735377714676,0.01565612033427,0.145943625344877,0.0308112933488342,0.0129074014221683,0.0750600064083657,0.0317102755943788,0.0869258984849227,0.0748160794053764,0.0792856663792482,0.0178655746557373,0.0412445571365448,0.0244469070945458,0.0576123982182761,0.0344383591683298,0.0556496392870749,0.0207914634228983,0.0220292138585764,0.0491793403287458,0.0299918164675615,0.0645186983387114,0.022550385958222,0.0291014616489161,0.0387188262744536,0.018373015359186,0.0140927078206486,0.0299857601367668,0.0517500941918082,0.121545205087963,0.0610421392121572,0.0913708872603639,0.0572403721318665,0.1787970058891,0.0409444076476413,0.0636896457405438,0.0600713682189473,0.067124353434499,0.076079357228749,0.0633784925695447,0.0413618788869985,0.0922930478306914,0.0552888481822739,0.0287493718837388,0.0307751053140182,0.0371241222132088,0.0335811115665299,0.0416381049359103,0.0421715133178452,0.0300921226048555,0.0404460798239552,0.0954535748113594,0.112512473802213,0.040507029189368,0.0225039624585962,0.0567900876162904,0.0379901836835232,0.0554100895428093,0.119144093984261,0.0503689975168373,0.0680947079932101,0.0126122101073651,0.0316063352917861,0.0298227460469801,0.0491105824981802,0.0532276261512833,0.0257549727520261,0.0345454740059937,0.0541597333508349,0.0244653118965142,0.0949172256428928,0.0472127444449141,0.0348372383445282,0.026334136092135,0.0581232577886267,0.0584521847780906,0.0291592507416193,0.0607413643936007,0.0472611483426691,0.0748499448365221,0.0429667604515399,0.0468237746639999,0.0625367318208998,0.0471359362428823,0.0402323069434759,0.0435545071210984,0.0558389121898948,0.0417309983417568,0.0375344815252037,0.0360103626607105,0.0560805199775343,0.0814158612455005,0.0803046022069589,0.0394456147605974,0.0443234090322467,0.0301735326997433,0.0474025585437317,0.0528607285094217,0.0600821351802728,0.0564806194858472,0.0277966252128496,0.0281849913332809,0.0504786818940382,0.167903208965416,0.121962004390877,0.0913708872603639,0.0529181904135194,0.160349442333138,0.0707743384050412,0.0843462043246751,0.0412574519069653,0.0669919648397006,0.0453137206562212,0.04573373606132,0.0317541084470791,0.0694936493098005,0.0282181550954029,0.0239938181797318,0.0403429086923542,0.0321936030295616,0.0345188356985722,0.0437894341879109,0.0439683656343693,0.0909559107628495,0.064274398049073,0.0903737402334505,0.0852259922985357,0.0308285041948982,0.0407740362079866,0.0617695251572336,0.0378271237969268,0.0404995531957155,0.0681447912870203,0.0681934496553436,0.0719417104653134,0.0638556101002862,0.0439210825271868,0.0462782262103384,0.105447597348727,0.089797123267547,0.0413797447459749,0.06889965783133,0.0599478990077187,0.0401145915002484,0.0801638278911384,0.0438579934688621,0.0408636737113839,0.0298125569895867,0.0292641293716187,0.0725707856300384,0.0268536909340109,0.0486644999497264,0.0935239379745949,0.0805518665584272,0.0323738809612359,0.0297862396270635,0.0544305785051189,0.0395820797716506,0.0332029183057402,0.0653821606241526,0.0401078625112402,0.0289687593110247,0.0665317802982096,0.0795970783155859,0.0338017197863007,0.0449747753216339,0.0759170411320273,0.0308241119109666,0.0633398341378636,0.0180477102464516,0.0476641525615446,0.059570680534254,0.10122089850448,0.0436657240505333,0.0664115480924342,0.0177263977937287,0.0808302058189491
